the	44180
of	28597
be	17395
to	17094
and	14897
in	9297
a	6745
have	6166
that	6069
it	5143
by	5013
which	4467
for	3715
as	3369
with	3358
our	3258
they	2693
not	2597
on	2581
this	2544
government	2462
their	2406
from	2356
states	2188
i	2131
its	2131
will	2034
or	1979
at	1844
all	1806
an	1684
united	1614
upon	1567
may	1470
make	1391
but	1380
state	1321
power	1300
congress	1284
public	1284
would	1275
country	1269
such	1260
other	1240
any	1216
we	1193
no	1087
should	1060
duty	1032
so	1016
can	1009
these	968
law	954
great	938
my	922
those	905
people	898
under	896
his	894
act	868
if	865
present	800
time	789
subject	778
more	776
year	769
interest	768
than	766
he	762
bank	761
war	720
citizen	700
000	678
one	671
shall	670
most	666
constitution	665
general	641
mexico	635
nation	622
part	608
last	607
treaty	604
into	599
who	591
between	590
only	590
do	588
without	588
right	587
there	584
give	564
now	558
treasury	558
same	538
own	536
every	525
well	514
union	508
necessary	498
when	488
you	486
system	478
measure	461
your	457
some	456
new	455
revenue	453
exist	448
must	440
take	438
increase	433
foreign	432
executive	430
two	430
authority	428
principle	428
require	428
president	426
effect	423
amount	419
receive	419
within	414
place	412
land	411
object	408
good	404
her	400
peace	395
officer	394
view	391
money	390
against	386
purpose	382
mean	380
department	373
relation	369
force	368
secretary	366
consideration	363
policy	361
condition	360
could	355
provision	354
territory	351
character	350
claim	348
cause	347
long	345
before	343
first	341
whole	341
far	339
question	339
thus	338
service	337
period	336
find	335
also	334
case	334
become	333
result	331
might	330
national	328
operation	328
opinion	327
proper	326
regard	325
institution	323
much	323
important	321
large	321
commerce	319
during	319
senate	319
establish	316
form	311
yet	306
after	305
recommend	305
exercise	304
report	304
american	302
over	302
both	301
many	299
session	293
debt	288
hope	284
pay	279
continue	278
texas	278
while	277
pass	276
since	276
portion	273
therefore	273
attention	271
just	267
high	266
nor	266
out	264
appropriation	262
leave	262
military	261
call	259
improvement	259
branch	258
however	258
each	256
order	256
secure	256
what	255
respect	253
believe	252
remain	252
use	252
payment	251
minister	249
provide	246
trade	243
house	241
article	239
limit	238
produce	238
office	236
mexican	235
army	232
course	231
term	231
vessel	231
bring	230
among	228
day	228
spirit	228
themselves	226
reason	225
expenditure	224
bill	223
still	222
adopt	221
authorize	221
due	221
several	221
circumstance	218
submit	218
then	218
free	216
direct	215
less	215
desire	214
federal	214
protection	214
whether	214
through	212
demand	210
she	210
carry	209
extent	208
justice	208
party	208
individual	207
say	207
ever	206
man	206
render	205
deem	203
extend	203
point	203
consider	202
constitutional	201
republic	200
afford	199
line	199
maintain	199
end	198
itself	198
propose	198
grant	197
intercourse	197
either	196
early	195
even	195
hand	194
influence	194
commercial	193
navy	193
number	193
control	192
convention	192
too	192
issue	191
doubt	189
political	185
already	184
preserve	184
attempt	183
experience	183
meet	183
port	183
expense	182
feel	182
impose	182
never	181
action	179
british	179
see	177
full	176
necessity	176
until	176
deposit	175
express	174
message	174
affair	173
britain	173
having	173
tribe	173
establishment	172
favor	172
hold	171
prosperity	171
consequence	170
occasion	170
appear	169
declare	169
importance	168
support	168
aid	166
advantage	165
difficulty	165
property	165
boundary	164
fact	164
note	164
arise	163
change	163
conduct	163
know	163
legislation	163
currency	162
obligation	161
source	161
sum	161
value	161
commissioner	160
agent	159
benefit	159
different	159
estimate	159
fellow	159
very	158
representatives	157
world	157
honor	156
paper	156
prevent	156
s	156
soon	156
another	155
exchange	155
lead	155
negotiation	154
true	154
obtain	153
whose	153
seem	152
discharge	151
legislative	151
although	150
expect	150
further	150
few	149
future	149
manner	149
administration	148
equal	148
legislature	148
million	147
court	146
event	146
indian	146
charge	145
credit	145
employ	145
river	145
liberty	144
refer	144
up	144
common	143
communicate	143
effort	143
resolution	143
fund	142
protect	142
where	142
indians	141
late	141
want	140
domestic	139
independent	139
return	139
settlement	139
matter	138
degree	137
beyond	136
enable	136
internal	136
person	136
annual	135
price	135
small	135
danger	134
friendly	133
liberal	133
prove	133
whom	133
nothing	132
remove	132
security	132
trust	132
labor	131
reduce	131
think	131
again	130
body	130
confidence	130
execution	130
independence	130
resort	130
similar	130
south	130
about	129
promote	129
engage	128
possess	128
apply	127
coast	127
defense	127
permit	127
west	127
decide	126
sanction	126
39	125
evil	125
france	125
possession	125
additional	124
certain	124
come	124
concern	124
enter	124
ground	124
heretofore	124
add	123
lay	123
because	122
close	122
occur	122
sufficient	122
always	121
bear	121
commit	121
fail	121
sustain	121
business	120
ought	120
various	120
exceed	119
import	119
settle	119
appoint	118
derive	118
loan	118
representative	118
admit	117
charter	117
embarrassment	117
show	117
suppose	117
accomplish	116
local	116
command	115
constitute	115
execute	115
favorable	115
information	115
past	115
privilege	115
avoid	114
construction	114
look	114
population	114
decision	113
home	113
mode	113
specie	113
connect	112
industry	112
nature	112
proceed	112
assume	111
collect	111
particular	111
receipt	111
sale	111
disposition	110
entertain	110
keep	110
private	110
satisfactory	110
member	109
progress	109
removal	109
civil	108
create	108
delay	108
district	108
follow	108
march	108
perform	108
strong	108
work	108
account	107
fully	107
objection	107
quarter	107
advance	106
confer	106
happy	106
safe	106
stock	106
contain	105
enemy	105
involve	105
navigation	105
furnish	104
little	104
regulate	104
supply	104
toward	104
application	103
class	103
equally	103
instruction	103
offer	103
open	103
though	103
adjustment	102
communication	102
difference	102
feeling	102
fiscal	102
proceeding	102
safety	102
greatly	101
possible	101
rate	101
accord	100
success	100
tariff	100
adoption	99
city	99
exclusive	99
month	99
permanent	99
wisdom	99
accompany	98
community	98
conclude	98
existence	98
invite	98
neither	98
surplus	98
majority	97
thing	97
include	96
arrangement	95
blessing	95
commission	95
naval	95
whatever	95
embrace	94
immediate	94
motive	94
mr	94
north	94
former	93
injury	93
island	93
jurisdiction	93
serious	93
three	93
design	92
french	92
judgment	92
pacific	92
principal	92
recently	92
resource	92
bind	91
inform	91
instance	91
prescribe	91
purchase	91
respective	91
seek	91
short	91
calculate	90
raise	90
rest	90
sea	90
survey	90
mdash	89
once	89
separate	89
stand	89
wise	89
belong	88
connection	88
enjoy	88
like	88
mail	88
post	88
pursue	88
rule	88
urge	88
conflict	87
mind	87
official	87
way	87
actual	86
intend	86
least	86
myself	86
occupy	86
transfer	86
1	85
alone	85
commence	85
conviction	85
copy	85
immediately	85
next	85
position	85
unless	85
capital	84
draw	84
europe	84
fall	84
guard	84
harmony	84
oregon	84
responsibility	84
affect	83
arm	83
burden	83
care	83
nearly	83
ratification	83
together	83
allow	82
anticipate	82
except	82
hostility	82
necessarily	82
regret	82
successful	82
addition	81
consent	81
happiness	81
indeed	81
induce	81
manufacture	81
none	81
temporary	81
1st	80
conclusion	80
frontier	80
practice	80
spain	80
transmit	80
able	79
balance	79
history	79
life	79
market	79
moment	79
mutual	79
prevail	79
satisfaction	79
chief	78
compromise	78
especially	78
honorable	78
plan	78
probably	78
section	78
wish	78
contract	77
correspondence	77
extensive	77
renew	77
adequate	76
appropriate	76
indemnity	76
instrument	76
justify	76
levy	76
practicable	76
ship	76
solemn	76
throughout	76
check	75
corporation	75
enforce	75
expedient	75
facility	75
manifest	75
predecessor	75
recognize	75
reduction	75
understand	75
violation	75
acknowledge	74
considerable	74
contribute	74
entire	74
faith	74
head	74
highly	74
operate	74
prosecute	74
sentiment	74
sound	74
above	73
almost	73
carolina	73
reference	73
revolution	73
suggest	73
washington	73
complete	72
exhibit	72
governor	72
grow	72
here	72
numerous	72
recommendation	72
single	72
01	71
adjust	71
attend	71
distribution	71
election	71
herewith	71
mile	71
redress	71
set	71
st	71
suggestion	71
taxation	71
agency	70
december	70
distant	70
letter	70
limited	70
powerful	70
preservation	70
proposition	70
put	70
suffer	70
troop	70
abuse	69
contrary	69
entitle	69
final	69
govern	69
name	69
ordinary	69
otherwise	69
performance	69
stipulation	69
wealth	69
2	68
america	68
appeal	68
circulation	68
compact	68
dangerous	68
document	68
extraordinary	68
half	68
obvious	68
organization	68
refuse	68
request	68
sense	68
thereby	68
5	67
ascertain	67
assurance	67
banking	67
board	67
direction	67
four	67
go	67
how	67
inhabitant	67
knowledge	67
light	67
notice	67
organize	67
perceive	67
prepare	67
remedy	67
represent	67
scarcely	67
vast	67
california	66
emergency	66
essential	66
found	66
gold	66
near	66
propriety	66
ratify	66
step	66
vote	66
beneficial	65
custom	65
dispatch	65
dispute	65
example	65
human	65
interference	65
january	65
judicial	65
passage	65
press	65
ready	65
recent	65
side	65
tax	65
wrong	65
approve	64
freedom	64
generally	64
july	64
often	64
ourselves	64
ample	63
ask	63
date	63
discussion	63
entirely	63
latter	63
loss	63
need	63
patriotism	63
reasonable	63
road	63
tendency	63
title	63
welfare	63
10	62
abroad	62
acquire	62
collection	62
commencement	62
complaint	62
efficient	62
extension	62
fair	62
terminate	62
answer	61
cease	61
enterprise	61
evidence	61
modification	61
observe	61
pursuit	61
reach	61
regulation	61
season	61
station	61
30th	60
address	60
amendment	60
apprehension	60
indispensable	60
ordinance	60
perhaps	60
promise	60
real	60
restore	60
sovereignty	60
taxis	60
whilst	60
abandon	59
ability	59
accept	59
determine	59
down	59
examination	59
hitherto	59
personal	59
prosecution	59
restriction	59
thereof	59
western	59
yield	59
appointment	58
consist	58
detail	58
diminish	58
expose	58
negotiate	58
ocean	58
opportunity	58
pledge	58
precede	58
sovereign	58
special	58
strength	58
deeply	57
desirable	57
lake	57
lie	57
mark	57
mere	57
perfect	57
postmaster	57
relate	57
repeat	57
responsible	57
agree	56
annexation	56
colony	56
contribution	56
deep	56
deliberation	56
disbursement	56
european	56
installment	56
original	56
pleasure	56
prompt	56
region	56
second	56
self	56
tend	56
unite	56
constantly	55
continuance	55
cultivate	55
economy	55
improve	55
per	55
promptly	55
territorial	55
third	55
apprehend	54
assert	54
controversy	54
earth	54
faithfully	54
finance	54
harbor	54
hereafter	54
himself	54
intrust	54
joint	54
judge	54
june	54
mississippi	54
retain	54
speedy	54
tribunal	54
twenty	54
withhold	54
3	53
4	53
april	53
destroy	53
exception	53
exert	53
majesty	53
proportion	53
providence	53
realize	53
regular	53
supreme	53
useful	53
approach	52
border	52
confine	52
current	52
disturb	52
expectation	52
export	52
invest	52
particularly	52
relieve	52
sell	52
serve	52
succeed	52
assent	51
cent	51
civilized	51
collision	51
constant	51
finally	51
footing	51
justly	51
notwithstanding	51
peculiar	51
profit	51
send	51
understanding	51
vest	51
constituent	50
efficiency	50
five	50
instead	50
liable	50
militia	50
silver	50
threaten	50
violate	50
arrest	49
continent	49
diplomatic	49
florida	49
incur	49
intelligence	49
legal	49
likely	49
production	49
resist	49
sacrifice	49
slave	49
unjust	49
water	49
wholly	49
20	48
compel	48
confederacy	48
custody	48
depend	48
discretion	48
earnestly	48
fix	48
merchant	48
old	48
properly	48
province	48
surrender	48
virtue	48
withdraw	48
altogether	47
away	47
columbia	47
endeavor	47
field	47
flag	47
friend	47
incident	47
off	47
practical	47
salutary	47
transaction	47
anxious	46
assign	46
august	46
correct	46
determination	46
difficult	46
dispose	46
dominion	46
engagement	46
error	46
exertion	46
houses	46
inquiry	46
interesting	46
patriotic	46
probable	46
reflection	46
reserve	46
run	46
sacred	46
strict	46
suspension	46
york	46
30	45
500	45
advice	45
announce	45
basis	45
clearly	45
defend	45
deserve	45
fear	45
indulge	45
interfere	45
king	45
opposition	45
owe	45
popular	45
rather	45
relief	45
representation	45
reside	45
struggle	45
unnecessary	45
1846	44
age	44
arrive	44
bond	44
countryman	44
employment	44
extinguish	44
herself	44
humanity	44
intention	44
invasion	44
language	44
plenipotentiary	44
previous	44
process	44
rio	44
satisfy	44
speculation	44
steamer	44
substitute	44
transportation	44
ultimately	44
valuable	44
volunteer	44
1836	43
concede	43
consistent	43
contemplate	43
deny	43
directly	43
energy	43
enjoyment	43
enlarge	43
forbearance	43
heavy	43
inconvenience	43
keeping	43
occupation	43
strengthen	43
suspend	43
6	42
afterwards	42
alike	42
assemble	42
compose	42
east	42
faithful	42
family	42
friendship	42
hostile	42
kind	42
live	42
maintenance	42
management	42
merely	42
monopoly	42
pecuniary	42
rapid	42
republican	42
situation	42
soil	42
suitable	42
termination	42
whenever	42
bestow	41
distress	41
importation	41
impost	41
injurious	41
introduce	41
latitude	41
legitimate	41
magistrate	41
moral	41
procure	41
prosperous	41
select	41
unconstitutional	41
worthy	41
1832	40
1842	40
accordingly	40
active	40
amicable	40
back	40
canal	40
certainly	40
chambers	40
cherish	40
confidently	40
confirm	40
council	40
declaration	40
departments	40
dictate	40
division	40
empire	40
encourage	40
erect	40
expediency	40
fill	40
guaranty	40
offense	40
pursuance	40
repeal	40
sincere	40
society	40
03	39
along	39
apparent	39
approbation	39
complain	39
delegate	39
destruction	39
devolve	39
earnest	39
envoy	39
guide	39
known	39
modify	39
october	39
seize	39
sign	39
truth	39
upward	39
veto	39
1834	38
1837	38
accordance	38
actually	38
art	38
capacity	38
capture	38
concession	38
contest	38
d	38
deprive	38
disregard	38
divide	38
february	38
instruct	38
length	38
let	38
maine	38
medium	38
meeting	38
rapidly	38
rely	38
resolve	38
satisfied	38
1833	37
amity	37
choose	37
clear	37
commander	37
compensation	37
doubtless	37
elect	37
failure	37
gratitude	37
impossible	37
judiciary	37
material	37
mention	37
pende	37
proclamation	37
readily	37
restoration	37
rich	37
speak	37
squadron	37
stockholder	37
uniform	37
acquisition	36
approval	36
belief	36
company	36
defeat	36
defray	36
distribute	36
effectually	36
enactment	36
excite	36
lose	36
mission	36
monument	36
oppose	36
previously	36
product	36
prospect	36
redeem	36
share	36
six	36
statement	36
stream	36
tranquillity	36
1845	35
25	35
adapt	35
aggregate	35
agricultural	35
amend	35
confide	35
construct	35
consult	35
discount	35
discrimination	35
examine	35
exclude	35
fourth	35
function	35
happily	35
map	35
maritime	35
mass	35
missouri	35
originate	35
partial	35
prejudice	35
reject	35
repair	35
speedily	35
standard	35
wage	35
1848	34
agriculture	34
besides	34
century	34
colonial	34
conformity	34
crime	34
daily	34
defect	34
description	34
enlightened	34
exclusively	34
expressly	34
grande	34
low	34
natural	34
observance	34
patriot	34
punishment	34
september	34
turn	34
usual	34
violence	34
witness	34
cede	33
circuit	33
conquest	33
convert	33
creation	33
crown	33
define	33
director	33
distinguished	33
doctrine	33
encounter	33
exempt	33
foundation	33
injustice	33
interested	33
invade	33
observation	33
obstacle	33
parallel	33
productive	33
prohibit	33
proof	33
strongly	33
throw	33
ultimate	33
vigor	33
1847	32
building	32
cargo	32
choice	32
claimant	32
coin	32
committee	32
convenience	32
depository	32
doubtful	32
escape	32
expression	32
fortification	32
foster	32
framer	32
heart	32
immense	32
integrity	32
limitation	32
oath	32
occurrence	32
postage	32
remark	32
spanish	32
specific	32
stipulate	32
vain	32
whereas	32
word	32
12	31
1827	31
available	31
brazil	31
civilization	31
concur	31
creditor	31
decline	31
dependent	31
destine	31
effective	31
ensue	31
expire	31
father	31
fraud	31
glory	31
john	31
louisiana	31
love	31
merchandise	31
precious	31
quantity	31
reward	31
safely	31
seriously	31
solemnly	31
tonnage	31
treat	31
trial	31
warrant	31
why	31
4th	30
abolish	30
accommodation	30
accomplishment	30
acre	30
agreement	30
armed	30
attack	30
bounty	30
central	30
comfort	30
competition	30
contingency	30
deliberate	30
endanger	30
entry	30
fit	30
flow	30
forth	30
forward	30
gain	30
gradual	30
growth	30
happen	30
health	30
incidental	30
indicate	30
institute	30
movement	30
portugal	30
prefer	30
preparation	30
presume	30
relative	30
resistance	30
respectfully	30
social	30
solicitude	30
spring	30
subsequent	30
sure	30
accrue	29
aggression	29
allege	29
anything	29
break	29
careful	29
characterize	29
comparatively	29
competent	29
confederation	29
cost	29
criminal	29
deficiency	29
duly	29
equitable	29
excitement	29
facilitate	29
financial	29
frequently	29
gradually	29
indulgence	29
insure	29
interpose	29
outrage	29
rank	29
review	29
rise	29
ruin	29
save	29
scheme	29
seat	29
severe	29
southern	29
sudden	29
temptation	29
undoubtedly	29
unlawful	29
visit	29
1824	28
acquiesce	28
admission	28
annually	28
aspect	28
atlantic	28
blockade	28
chiefly	28
china	28
congratulate	28
devise	28
emigrant	28
england	28
equality	28
excess	28
exigency	28
functionary	28
gulf	28
honest	28
incorporate	28
interior	28
lawful	28
religious	28
renewal	28
restrain	28
soldier	28
stability	28
superior	28
willing	28
15	27
abundant	27
advert	27
advocate	27
augment	27
behalf	27
career	27
cession	27
circulate	27
combine	27
concentrate	27
develop	27
discriminating	27
dollar	27
encouragement	27
enough	27
fulfil	27
habit	27
impeachment	27
insist	27
interrupt	27
merit	27
mountains	27
originally	27
postpone	27
pressure	27
record	27
reform	27
reliance	27
spread	27
subordinate	27
suffering	27
sufficiently	27
task	27
utmost	27
absolute	26
administer	26
allude	26
assumption	26
attachment	26
avow	26
burthen	26
carefully	26
combination	26
comply	26
cooperation	26
corresponding	26
deliver	26
desirous	26
discipline	26
eastern	26
eminently	26
equivalent	26
exact	26
expend	26
fluctuation	26
gratify	26
impair	26
metal	26
neglect	26
paredes	26
paris	26
presence	26
provinces	26
respectively	26
route	26
russia	26
savage	26
simple	26
slight	26
subsequently	26
successfully	26
successor	26
thousand	26
traffic	26
07	25
6th	25
accumulate	25
alteration	25
bad	25
begin	25
cheerfully	25
cordial	25
corps	25
dependence	25
designate	25
differ	25
dissension	25
eye	25
fatal	25
forty	25
frame	25
fulfill	25
impression	25
inevitable	25
investigation	25
largely	25
lately	25
peaceful	25
perpetuate	25
persevere	25
proclaim	25
repel	25
reply	25
revolutionary	25
rocky	25
sensible	25
sincerely	25
treasure	25
vigilance	25
04	24
7	24
abstain	24
affection	24
anticipation	24
attain	24
beloved	24
blood	24
capable	24
certainty	24
channel	24
concurrence	24
consequently	24
consistently	24
convenient	24
counsel	24
cover	24
depart	24
evince	24
explanation	24
extended	24
feature	24
fidelity	24
foresee	24
formidable	24
fruit	24
gratifying	24
imply	24
inducement	24
magnitude	24
multiply	24
netherlands	24
november	24
obedience	24
oppression	24
protective	24
prudent	24
reciprocity	24
regiment	24
shore	24
sphere	24
ten	24
test	24
topic	24
unequal	24
voice	24
weight	24
13th	23
1831	23
adjournment	23
alarm	23
argument	23
attribute	23
austria	23
capitalist	23
collector	23
confident	23
content	23
debtor	23
delicate	23
disburse	23
distinct	23
draft	23
element	23
embarrass	23
enjoin	23
expedition	23
formerly	23
idea	23
improper	23
income	23
interposition	23
interruption	23
invoke	23
mature	23
moderate	23
outstanding	23
overthrow	23
painful	23
plain	23
pretext	23
pride	23
remote	23
seizure	23
settler	23
shortly	23
supervision	23
surround	23
thence	23
theory	23
try	23
unavoidable	23
undertake	23
unfortunate	23
unusual	23
vindicate	23
1835	22
22	22
24	22
9	22
acquiescence	22
aggravate	22
alternative	22
amongst	22
aware	22
base	22
bay	22
consequent	22
contend	22
cut	22
distinction	22
distinctly	22
distinguish	22
diversity	22
effectual	22
enact	22
endure	22
exposition	22
formation	22
generous	22
holder	22
imposition	22
independently	22
jealousy	22
manufacturer	22
meantime	22
mine	22
neighboring	22
neutral	22
nueces	22
peru	22
race	22
reciprocal	22
refusal	22
remonstrance	22
sectional	22
summer	22
suppress	22
surely	22
sympathy	22
territories	22
100	21
11th	21
accredit	21
ago	21
ancient	21
assist	21
band	21
compliance	21
conceive	21
correspond	21
crisis	21
decree	21
departure	21
depredation	21
disposal	21
eight	21
enumerate	21
experiment	21
extreme	21
firm	21
forbid	21
frequent	21
fundamental	21
georgia	21
grateful	21
guilty	21
hemisphere	21
impracticable	21
lessen	21
mint	21
moderation	21
moreover	21
neighbor	21
oppressive	21
origin	21
owner	21
penalty	21
prominent	21
prussia	21
restrict	21
resume	21
revive	21
rhode	21
ruler	21
senators	21
southwest	21
steadily	21
substantially	21
suit	21
unfortunately	21
unlimited	21
vice	21
11	20
1828	20
1830	20
1843	20
advancement	20
african	20
apart	20
applicable	20
bearing	20
brief	20
consummate	20
continued	20
coordinate	20
denmark	20
destiny	20
devote	20
diminution	20
economical	20
emperor	20
everywhere	20
excessive	20
expiration	20
gallant	20
geographical	20
hazard	20
imperative	20
inadequate	20
inevitably	20
learn	20
liability	20
liberality	20
manufacturing	20
mouth	20
murder	20
nevertheless	20
obstruction	20
opening	20
parliament	20
participate	20
perpetual	20
probability	20
profitable	20
profound	20
recall	20
recognition	20
republics	20
rightfully	20
science	20
sometimes	20
statute	20
strike	20
superintendence	20
susceptible	20
teach	20
unexpected	20
uphold	20
warn	20
zeal	20
02	19
06	19
18	19
1818	19
absolutely	19
acknowledgment	19
adherence	19
advise	19
avail	19
award	19
battle	19
book	19
canada	19
child	19
compare	19
conquer	19
destructive	19
distance	19
enlargement	19
enumeration	19
erection	19
exclusion	19
expansion	19
extensively	19
extravagant	19
face	19
foreigner	19
forget	19
generation	19
genius	19
gratification	19
hour	19
inflict	19
injure	19
inspire	19
judicious	19
lesson	19
london	19
mankind	19
menace	19
mineral	19
mutually	19
native	19
obstruct	19
patronage	19
precedent	19
precise	19
pretense	19
pretension	19
project	19
purity	19
requisite	19
revulsion	19
rigid	19
scene	19
shield	19
sole	19
stage	19
steady	19
successive	19
suppression	19
thirty	19
trace	19
usefulness	19
voluntarily	19
white	19
05	18
13	18
absence	18
accumulation	18
agitation	18
alabama	18
allowance	18
ambition	18
anxiously	18
apparently	18
associate	18
attach	18
attorney	18
avert	18
await	18
below	18
bless	18
brother	18
build	18
cherokees	18
climate	18
clothe	18
convince	18
cooperate	18
corruption	18
crew	18
development	18
disposed	18
easy	18
education	18
explain	18
fine	18
fulfillment	18
ghent	18
glorious	18
grave	18
illustrious	18
inhabit	18
insult	18
intent	18
intersection	18
means	18
minimum	18
minority	18
naturally	18
obviously	18
omission	18
path	18
plainly	18
preemption	18
pronounce	18
protocol	18
protract	18
punish	18
purchaser	18
quite	18
reasonably	18
restraint	18
scale	18
selection	18
series	18
shipping	18
signature	18
slavery	18
statesman	18
subsistence	18
swear	18
swell	18
tender	18
texan	18
therein	18
unable	18
voluntary	18
warfare	18
weaken	18
wide	18
wisely	18
1816	17
3d	17
abundance	17
accede	17
accompanying	17
achieve	17
affaire	17
alliance	17
annex	17
anxiety	17
attendant	17
beg	17
britannic	17
caution	17
censure	17
clause	17
coffee	17
conform	17
constitutionality	17
consul	17
corporate	17
cultivation	17
deal	17
death	17
definitive	17
delivery	17
demonstrate	17
display	17
dissolution	17
enlist	17
essentially	17
flourish	17
following	17
forever	17
impressed	17
imputation	17
inconsistent	17
instant	17
intelligent	17
islands	17
kingdom	17
list	17
marine	17
materially	17
maxim	17
mechanic	17
modern	17
nine	17
northern	17
oblige	17
offender	17
officially	17
ours	17
overcome	17
paramount	17
percent	17
principally	17
prior	17
proud	17
qualified	17
railroad	17
religion	17
repeatedly	17
requisition	17
retard	17
seldom	17
separation	17
steam	17
suffrage	17
surveyor	17
suspicion	17
tract	17
transport	17
treason	17
unauthorized	17
upper	17
void	17
watch	17
weak	17
29th	16
8	16
abrogate	16
abstract	16
actuate	16
advantageous	16
africa	16
animate	16
arrival	16
author	16
belgium	16
belligerent	16
cast	16
certificate	16
colombia	16
commodity	16
compatible	16
conceal	16
conciliation	16
condemn	16
devotion	16
discretionary	16
divine	16
elapse	16
elsewhere	16
emigrate	16
engineer	16
erroneous	16
excuse	16
fifth	16
heaven	16
illustrate	16
incompatible	16
indefinite	16
inequality	16
injuriously	16
inquire	16
major	16
meaning	16
midst	16
occasional	16
ohio	16
openly	16
payable	16
persuade	16
posterity	16
profession	16
protest	16
quiet	16
range	16
redemption	16
revision	16
rightful	16
ruinous	16
san	16
santa	16
servant	16
strictly	16
submission	16
subsist	16
sweden	16
talent	16
tell	16
total	16
vicinity	16
victory	16
wine	16
yard	16
yourself	16
16	15
1829	15
200	15
across	15
adhere	15
aim	15
alter	15
around	15
assistance	15
association	15
astronomical	15
attainment	15
average	15
cabinet	15
code	15
comparative	15
contention	15
debate	15
deg	15
del	15
detailed	15
disclose	15
discover	15
discriminate	15
distrust	15
disturbance	15
double	15
duration	15
encroachment	15
enforcement	15
evident	15
exemption	15
faction	15
fate	15
fight	15
file	15
globe	15
graduate	15
graduation	15
hear	15
hesitate	15
hundred	15
impartial	15
impress	15
inference	15
introduction	15
journal	15
main	15
manage	15
mischief	15
monarchy	15
norte	15
obviate	15
occasionally	15
orleans	15
overlook	15
overture	15
panama	15
partially	15
publish	15
quality	15
reckless	15
reflect	15
refrain	15
regularly	15
reparation	15
reserved	15
resident	15
safeguard	15
senator	15
seven	15
sister	15
situate	15
something	15
stimulate	15
suddenly	15
supersede	15
undertaking	15
unsettled	15
urgent	15
useless	15
vicissitude	15
vital	15
10th	14
1826	14
1844	14
20th	14
aforesaid	14
almighty	14
annul	14
appreciate	14
ardent	14
assembly	14
assure	14
auxiliary	14
broad	14
cash	14
center	14
conducive	14
conqueror	14
constituted	14
constitutionally	14
consume	14
consumption	14
countenance	14
creek	14
dealing	14
dear	14
depression	14
describe	14
disastrous	14
disguise	14
dispense	14
diversified	14
ease	14
enlighten	14
equity	14
exhaust	14
extinguishment	14
firmly	14
foot	14
freely	14
hereby	14
inconsiderable	14
indication	14
infancy	14
intimate	14
investment	14
irritation	14
lapse	14
lieutenant	14
marshal	14
moneyed	14
negative	14
northwest	14
obey	14
objectionable	14
par	14
passion	14
pension	14
permanency	14
practicability	14
prudence	14
ration	14
recollection	14
redeemable	14
reverse	14
scope	14
sink	14
spot	14
stop	14
table	14
taylor	14
thereto	14
tie	14
town	14
train	14
undersigned	14
undoubted	14
unfounded	14
usefully	14
usurpation	14
validity	14
vary	14
voyage	14
1819	13
1825	13
28	13
2d	13
abide	13
admonish	13
affaires	13
apprise	13
arbitrary	13
arduous	13
ascribe	13
bankruptcy	13
beneficent	13
buoy	13
calm	13
census	13
conclusive	13
confederate	13
constrain	13
consummation	13
contemplation	13
corp	13
cotton	13
deficit	13
dignity	13
discontinue	13
discord	13
discovery	13
discuss	13
dissent	13
dividend	13
dwell	13
elevate	13
enlarged	13
exchequer	13
fifteen	13
formal	13
forthwith	13
fortunate	13
fortunately	13
fortune	13
frankly	13
freeman	13
gross	13
halls	13
hardly	13
hence	13
herrera	13
ill	13
incorporation	13
inexpedient	13
interval	13
isthmus	13
jackson	13
james	13
jefferson	13
league	13
maximum	13
ministry	13
navigable	13
neighborhood	13
ninth	13
obligatory	13
permanently	13
perseverance	13
pleasing	13
poor	13
porte	13
positive	13
precaution	13
progressive	13
proposal	13
really	13
reconcile	13
recover	13
release	13
remnant	13
satisfactorily	13
skill	13
specify	13
spectacle	13
subscription	13
tempt	13
testimony	13
thereon	13
timber	13
tolerate	13
unexampled	13
unfavorable	13
unprecedented	13
wait	13
whatsoever	13
widely	13
withstand	13
12th	12
1789	12
1822	12
1838	12
1839	12
1841	12
19	12
31	12
40	12
50	12
8th	12
abundantly	12
actively	12
activity	12
adverse	12
advisable	12
affirm	12
agitate	12
apt	12
assertion	12
being	12
bound	12
commend	12
commonly	12
comparison	12
complicated	12
consolidation	12
de	12
deceive	12
depreciate	12
depreciation	12
derangement	12
devoted	12
disadvantage	12
disappoint	12
discontent	12
domain	12
emigration	12
enrich	12
esteem	12
everything	12
exaction	12
expensive	12
explore	12
external	12
extinction	12
false	12
farmer	12
fearful	12
firmness	12
granada	12
harmonious	12
holland	12
honorably	12
illustration	12
inability	12
inconvenient	12
incumbent	12
indirectly	12
industrious	12
inferior	12
inland	12
intermediate	12
international	12
invitation	12
iron	12
leader	12
lieu	12
machinery	12
madison	12
memory	12
outlet	12
participation	12
peculiarly	12
perfectly	12
practically	12
preference	12
preliminary	12
prepared	12
privateer	12
prohibition	12
promptitude	12
recur	12
remainder	12
residence	12
round	12
said	12
school	12
scientific	12
selfish	12
solely	12
steamboat	12
sublime	12
toil	12
treasurer	12
triumph	12
truly	12
twelve	12
unanimity	12
unavoidably	12
unchanged	12
uniformly	12
unsold	12
usually	12
vault	12
watchful	12
26	11
27	11
28th	11
29	11
abandonment	11
academy	11
accountability	11
acquaint	11
advanced	11
alienate	11
allegiance	11
ally	11
amidst	11
appearance	11
arbitration	11
archive	11
assault	11
attract	11
augmentation	11
authentic	11
beacon	11
blaze	11
bosom	11
breach	11
candidate	11
chain	11
colonel	11
completion	11
comprehensive	11
congratulation	11
construe	11
continuation	11
convey	11
curtail	11
decay	11
denounce	11
detention	11
dissatisfaction	11
distract	11
embody	11
eminent	11
everyone	11
expand	11
expel	11
extravagance	11
fame	11
fertile	11
fire	11
forbear	11
fresh	11
german	11
guarantee	11
guardian	11
hasten	11
havana	11
humane	11
impediment	11
imperfect	11
imperial	11
incline	11
indebted	11
indies	11
indispensably	11
interdict	11
intervention	11
intrusion	11
lakes	11
later	11
legislate	11
liquidate	11
liquidation	11
mercantile	11
multitude	11
neutrality	11
obnoxious	11
parent	11
picture	11
pier	11
postponement	11
pure	11
rapidity	11
ratio	11
reasoning	11
repose	11
reservation	11
residue	11
resumption	11
reverence	11
revival	11
room	11
scrupulously	11
shelter	11
sheriff	11
signal	11
simply	11
sit	11
speculative	11
thorough	11
tide	11
unadjusted	11
unavaile	11
unimpaire	11
unquestionably	11
unreasonable	11
unsuccessful	11
usage	11
utter	11
variety	11
vigorous	11
virtually	11
waste	11
weigh	11
whereby	11
wherever	11
wilderness	11
write	11
yearly	11
zealous	11
08	10
15th	10
17	10
1820	10
1840	10
18th	10
21	10
26th	10
80	10
absorb	10
accession	10
accurate	10
accusation	10
adventure	10
allegation	10
apology	10
arrange	10
artillery	10
aside	10
attitude	10
auspex	10
auspicious	10
awaken	10
birth	10
br	10
brave	10
buenos	10
calamity	10
californias	10
candid	10
cheer	10
cherokee	10
chinese	10
concert	10
connecticut	10
conquered	10
contiguous	10
contracting	10
corrupt	10
critical	10
cross	10
cruiser	10
cruz	10
cuba	10
defective	10
defiance	10
definite	10
deliberately	10
deprecate	10
despotism	10
detain	10
deter	10
discountenance	10
dissolve	10
efficiently	10
embarrassing	10
enormous	10
exploration	10
exportation	10
faculty	10
fifty	10
forcible	10
forego	10
frank	10
fraternal	10
governments	10
harvest	10
humble	10
immunity	10
impart	10
implication	10
imprisonment	10
impute	10
indemnification	10
indirect	10
infer	10
intervene	10
intimately	10
irregularity	10
jealous	10
kindness	10
lawrence	10
lest	10
master	10
middle	10
mistake	10
monroe	10
navigate	10
noble	10
nominal	10
occupancy	10
omit	10
onerous	10
opposite	10
option	10
overrule	10
peaceably	10
pennsylvania	10
pervade	10
plenty	10
premium	10
privation	10
profess	10
receivable	10
recess	10
reconquer	10
relaxation	10
remember	10
reprisal	10
revolt	10
rice	10
rival	10
rouses	10
sanguine	10
scrutiny	10
secret	10
separately	10
simplicity	10
somewhat	10
spare	10
speech	10
subversive	10
surprise	10
survive	10
sword	10
tea	10
temporarily	10
thereafter	10
transmission	10
tribute	10
trustee	10
uncertain	10
undergo	10
undue	10
unequally	10
unexpended	10
unqualified	10
unquestionable	10
unwilling	10
unwise	10
unworthy	10
valley	10
venezuela	10
vera	10
viz	10
wealthy	10
week	10
weighty	10
wild	10
14th	9
1783	9
17th	9
23	9
23d	9
24th	9
25th	9
300	9
31st	9
32	9
36	9
5th	9
abolition	9
acceptable	9
accruing	9
acquit	9
adjoining	9
advantageously	9
alexander	9
allay	9
andrew	9
anna	9
approximate	9
armament	9
assail	9
behind	9
brazilian	9
brilliant	9
bureau	9
candor	9
caroline	9
cement	9
characteristic	9
charleston	9
chili	9
commotion	9
competency	9
conformably	9
conscious	9
continually	9
convene	9
counteract	9
county	9
cumberland	9
cupidity	9
damage	9
defensive	9
defer	9
deference	9
deplore	9
derange	9
derogation	9
diffuse	9
disagreement	9
disappear	9
disaster	9
dispensation	9
disunion	9
door	9
drive	9
energetic	9
engender	9
equipment	9
estate	9
evidently	9
exhibition	9
extremity	9
fairly	9
federative	9
feeble	9
fishery	9
flagrant	9
flatter	9
food	9
fox	9
fruitful	9
guadalupe	9
hardy	9
heavily	9
highland	9
honestly	9
improvident	9
impulse	9
incursion	9
indebtedness	9
india	9
indifferent	9
inflexible	9
injunction	9
la	9
left	9
louis	9
mainly	9
maryland	9
massachusetts	9
mechanical	9
mediterranean	9
mexicans	9
mingle	9
mislead	9
mistaken	9
naples	9
offensive	9
overruling	9
palpable	9
partiality	9
peaceable	9
peril	9
persist	9
philadelphia	9
piracy	9
preparatory	9
presidency	9
pretend	9
prosper	9
re	9
receiver	9
reception	9
recurrence	9
red	9
reiterate	9
rejection	9
respectable	9
retire	9
reunion	9
revise	9
sabine	9
seventh	9
severity	9
signally	9
site	9
sixty	9
slidell	9
specially	9
study	9
subscribe	9
subvert	9
succession	9
supposition	9
supremacy	9
thought	9
threat	9
throne	9
till	9
touch	9
travel	9
tributary	9
unfeigned	9
unfriendly	9
unhappy	9
uniformity	9
universe	9
virginia	9
vitally	9
warlike	9
weakness	9
whale	9
worth	9
wound	9
09	8
14	8
1791	8
1812	8
1815	8
1817	8
1821	8
1823	8
60	8
aboriginal	8
access	8
admiration	8
admonition	8
affairs	8
alleged	8
anarchy	8
ancestor	8
annal	8
annihilate	8
appertain	8
array	8
augmented	8
beneficially	8
benign	8
bonus	8
borrow	8
briefly	8
burdensome	8
campaign	8
captain	8
charg	8
citizens	8
coeval	8
coinage	8
compensate	8
conciliate	8
condemnation	8
conscience	8
consciousness	8
considerably	8
continual	8
contraction	8
contractor	8
contrast	8
convinced	8
corpus	8
correction	8
corrective	8
correctly	8
count	8
courage	8
curtailment	8
decisive	8
decrease	8
deed	8
defalcation	8
delaware	8
delicacy	8
delusion	8
depot	8
detach	8
devout	8
disorder	8
dispassionate	8
disturbing	8
doubted	8
embark	8
emphatically	8
encroach	8
enhance	8
entail	8
estimation	8
exalt	8
excise	8
exciting	8
explicit	8
fabric	8
fe	8
fervent	8
forcibly	8
forefather	8
forest	8
frigate	8
gift	8
god	8
grade	8
gratuity	8
greatness	8
harass	8
illegal	8
imitation	8
imperiously	8
imprison	8
impropriety	8
impunity	8
incapable	8
indemnify	8
ineffectual	8
inestimable	8
infraction	8
inhuman	8
inseparable	8
inspection	8
insurrection	8
interchange	8
intestine	8
invariably	8
irresponsible	8
join	8
lend	8
likewise	8
listen	8
location	8
lot	8
mcleod	8
messenger	8
minor	8
minute	8
miscellaneous	8
mountain	8
municipal	8
munition	8
narrow	8
nominate	8
null	8
organ	8
pace	8
pain	8
parental	8
pernicious	8
perpetrate	8
physical	8
pirate	8
precisely	8
procedure	8
prospective	8
publication	8
punctuality	8
purely	8
radical	8
rarely	8
readiness	8
reestablish	8
regis	8
remind	8
remotest	8
reproach	8
repudiate	8
respond	8
retirement	8
rigidly	8
rigor	8
rush	8
sacredly	8
sake	8
seacoast	8
search	8
seminoles	8
sentence	8
sever	8
shake	8
shape	8
shed	8
sinister	8
sixth	8
solemnity	8
sort	8
specifically	8
strife	8
substance	8
substitution	8
superintend	8
surprising	8
tenth	8
tenure	8
thank	8
timely	8
totally	8
transcend	8
umpire	8
undivided	8
unexpectedly	8
unforeseen	8
unhappily	8
unity	8
universal	8
universally	8
unprovoked	8
vigilant	8
vindication	8
weal	8
whence	8
wield	8
willingness	8
win	8
withdrawal	8
writ	8
21st	7
400	7
45	7
450	7
59	7
66	7
70	7
7th	7
88	7
abode	7
abound	7
absolve	7
accuse	7
accustom	7
adaptation	7
adjacent	7
adjourn	7
aggrandizement	7
amply	7
annexed	7
argentine	7
aristocracy	7
arsenal	7
articles	7
bar	7
beginning	7
behold	7
belgian	7
beneficence	7
blend	7
breaking	7
brunswick	7
buren	7
calculation	7
cargoe	7
cheap	7
cherished	7
chesapeake	7
commanding	7
completely	7
conciliatory	7
conference	7
conformable	7
conjuncture	7
conscientiously	7
convertible	7
countless	7
croix	7
cruel	7
deduct	7
definitively	7
defy	7
demonstration	7
despotic	7
die	7
disappointment	7
disclaim	7
disgrace	7
dishonor	7
drain	7
easily	7
ecuador	7
effecting	7
eighteen	7
embarrassed	7
engine	7
english	7
entangle	7
fast	7
favored	7
fork	7
formally	7
fort	7
franc	7
fruitless	7
germany	7
goodness	7
guidance	7
hail	7
harmonize	7
hasty	7
hidalgo	7
husbandman	7
illinois	7
impede	7
imperatively	7
importer	7
incalculable	7
incompetent	7
indicative	7
indisposition	7
infuse	7
inherent	7
inlet	7
insufficient	7
interpretation	7
intimation	7
invention	7
irregular	7
justification	7
laborer	7
lavish	7
link	7
lofty	7
m	7
magnanimity	7
memorial	7
merge	7
mischievous	7
misunderstanding	7
misunderstood	7
momentous	7
motion	7
move	7
newly	7
northeastern	7
nowhere	7
odious	7
oppress	7
ordain	7
organized	7
palpably	7
partisan	7
passenger	7
passport	7
penitentiary	7
permission	7
philanthropy	7
plant	7
planter	7
please	7
politic	7
portuguese	7
possibility	7
preamble	7
precautionary	7
preside	7
presidential	7
prevalence	7
primary	7
promulgate	7
propitious	7
proprietor	7
purport	7
qualification	7
raising	7
reciprocate	7
reclaim	7
reclamation	7
refuge	7
refund	7
reign	7
reimburse	7
rejoice	7
relax	7
replevin	7
roman	7
rounded	7
royal	7
russian	7
sage	7
scott	7
seal	7
secede	7
severely	7
sheet	7
shrink	7
solicit	7
speculator	7
splendid	7
square	7
stable	7
standing	7
staple	7
steamship	7
store	7
striking	7
strikingly	7
substantial	7
successively	7
summary	7
superintendent	7
surface	7
theater	7
til	7
ton	7
topographical	7
trespasser	7
u	7
ultimo	7
unbiased	7
unequivocal	7
unimportant	7
unjustly	7
unrestrained	7
utterly	7
valid	7
van	7
varied	7
victim	7
violent	7
virtuous	7
warning	7
writer	7
writing	7
youth	7
139	6
1802	6
1849	6
19th	6
346	6
42	6
49	6
68	6
9th	6
abstinence	6
absurdity	6
acceptance	6
accommodate	6
accurately	6
ad	6
adams	6
affix	6
afflict	6
afloat	6
aires	6
alacrity	6
alarming	6
alien	6
amicably	6
angle	6
annuity	6
anticipated	6
arbiter	6
arkansas	6
ascend	6
assistant	6
asylum	6
attest	6
barbary	6
been	6
benevolence	6
berlin	6
bitter	6
bloody	6
boundless	6
bremen	6
cape	6
cardinal	6
cask	6
catastrophe	6
ceded	6
chamber	6
chile	6
choctaw	6
choctaws	6
christi	6
clerk	6
clothing	6
collins	6
concernment	6
conclusively	6
confiscation	6
conflicting	6
conservative	6
consolidate	6
consolidated	6
contemplated	6
contingent	6
conventional	6
conversation	6
convulsion	6
creator	6
default	6
delude	6
denomination	6
dependency	6
discard	6
discontinuance	6
discourage	6
disease	6
disinterested	6
dispel	6
disqualification	6
divert	6
dividing	6
dominant	6
dorr	6
efficacy	6
eighth	6
elevated	6
elicit	6
else	6
emolument	6
empower	6
entrance	6
ere	6
evade	6
eventually	6
excited	6
exultation	6
familiar	6
fervently	6
fixed	6
flattering	6
flourishing	6
foe	6
forecast	6
forsyth	6
founder	6
francis	6
frankness	6
fraudulent	6
garrison	6
gentleman	6
habitual	6
hampshire	6
headquarters	6
imagine	6
imitate	6
impeach	6
impeachable	6
impel	6
inadequacy	6
indefinitely	6
indiana	6
infantry	6
infirmity	6
inheritance	6
insensible	6
insert	6
instrumental	6
insurmountable	6
joy	6
locality	6
locate	6
lover	6
luxury	6
madrid	6
mandamus	6
manifestly	6
masse	6
maysville	6
mercy	6
meridian	6
metallic	6
ministerial	6
misconstruction	6
misdemeanor	6
molest	6
monarch	6
mother	6
needful	6
newspaper	6
nomination	6
northw	6
ordnance	6
outline	6
outset	6
partake	6
partly	6
patent	6
penal	6
penetrate	6
perilous	6
perplexing	6
persevering	6
petersburg	6
plausible	6
plunder	6
pocket	6
pohenagamook	6
praise	6
prayer	6
preclude	6
prediction	6
prejudicial	6
prohibitory	6
prolong	6
proviso	6
punctually	6
quietly	6
ravage	6
raw	6
reap	6
rear	6
recharter	6
regularity	6
relinquish	6
reluctant	6
removable	6
repetition	6
repugnance	6
reputation	6
respectful	6
retake	6
rico	6
risk	6
sail	6
salary	6
sanguinary	6
scatter	6
scrupulous	6
seaboard	6
seasonably	6
secession	6
sensibility	6
sensibly	6
severally	6
shadow	6
shew	6
shut	6
sight	6
silence	6
silent	6
smith	6
solid	6
soul	6
sounder	6
soundness	6
southwestern	6
space	6
spoliation	6
stain	6
straight	6
style	6
subdue	6
temper	6
tennessee	6
therefrom	6
thereupon	6
thirteen	6
thwart	6
tobacco	6
toll	6
trading	6
tread	6
twice	6
unanimous	6
uncertainty	6
unconstitutionality	6
undecided	6
undisturbed	6
unimpaired	6
uninterrupted	6
unknown	6
unpleasant	6
unprofitable	6
unredressed	6
urgently	6
usurp	6
usurper	6
valentine	6
veteran	6
victorious	6
wanton	6
warm	6
warrior	6
wholesome	6
withholding	6
woods	6
years	6
026	5
070	5
1803	5
22d	5
250	5
27th	5
33	5
37	5
41	5
48	5
623	5
700	5
74	5
800	5
98	5
abruptly	5
absurd	5
accessible	5
accident	5
accidental	5
achievement	5
acquainted	5
admirable	5
adventurous	5
alienation	5
allot	5
ambitious	5
amid	5
anomaly	5
antecedent	5
anyone	5
apportionment	5
arbitrator	5
attainable	5
attendance	5
attributable	5
authenticate	5
banker	5
bare	5
barter	5
behoove	5
bend	5
benevolent	5
black	5
blame	5
bloodshed	5
blow	5
boat	5
boston	5
brevet	5
bright	5
buy	5
camp	5
capitol	5
cashier	5
cautiously	5
cessation	5
chagres	5
chargeable	5
cheapness	5
cheerful	5
christian	5
church	5
coerce	5
coffer	5
cognizance	5
coincide	5
collateral	5
collectively	5
commendation	5
commensurate	5
commodore	5
comport	5
composition	5
concord	5
conditional	5
conduce	5
confusion	5
conjunction	5
constituency	5
continental	5
controvert	5
cordially	5
counter	5
countervail	5
couple	5
credential	5
creditable	5
creed	5
crowd	5
cruise	5
dare	5
dead	5
degradation	5
degrade	5
delight	5
democracy	5
denunciation	5
depositor	5
depreciated	5
depress	5
descend	5
desolation	5
despite	5
destination	5
detriment	5
deviation	5
device	5
diffusion	5
disapprove	5
disavow	5
disbursing	5
dismiss	5
disperse	5
disregarded	5
dock	5
dream	5
durable	5
earning	5
emanate	5
emphatic	5
engineers	5
enlistment	5
enterprising	5
err	5
etc	5
eternal	5
exaggerate	5
exaggerated	5
excellent	5
exhort	5
extort	5
extra	5
fault	5
favorably	5
favorite	5
finish	5
float	5
foment	5
foregoing	5
foretell	5
forfeit	5
forfeiture	5
fortify	5
francisco	5
freight	5
front	5
frown	5
furtherance	5
gallon	5
graham	5
grand	5
gratified	5
gratulation	5
grievance	5
guilt	5
hamilton	5
hardship	5
harm	5
hastily	5
healthful	5
healthy	5
heroic	5
hopeless	5
humbly	5
hunter	5
husband	5
ignorant	5
imminent	5
imperious	5
imperishable	5
impoverish	5
impracticability	5
impressive	5
inch	5
incongruous	5
inculcate	5
indignant	5
inoperative	5
inseparably	5
inspector	5
instrumentality	5
interpret	5
intrinsic	5
invigorate	5
inviolate	5
irredeemable	5
irresistible	5
irritate	5
isle	5
jacinto	5
jersey	5
jesup	5
johnson	5
judiciously	5
justness	5
keeper	5
lasting	5
lawless	5
legation	5
longitude	5
lord	5
magnanimous	5
making	5
manifestation	5
massacre	5
memorable	5
merciful	5
meritorious	5
misapprehension	5
miserable	5
misery	5
misguided	5
mismanagement	5
misrepresentation	5
mitigate	5
mixed	5
monarchical	5
monopolize	5
monthly	5
multiplication	5
nations	5
net	5
nominally	5
northwestern	5
observer	5
offend	5
onward	5
oppressively	5
overflowing	5
panic	5
paragraph	5
paternal	5
patient	5
pause	5
peacefully	5
pensioner	5
personally	5
pioneer	5
piratical	5
populous	5
precarious	5
prescribed	5
pressing	5
presumption	5
prisoner	5
prize	5
probity	5
prostration	5
provoke	5
publicly	5
pursuant	5
questionable	5
quorum	5
rage	5
rare	5
ratified	5
rational	5
reassemble	5
rebuke	5
recede	5
recourse	5
register	5
remembrance	5
remit	5
reorganization	5
replenish	5
repugnant	5
research	5
resign	5
restrictive	5
retrace	5
ridge	5
rigorous	5
sagacity	5
saving	5
securing	5
sedulously	5
shock	5
sincerity	5
slaveholde	5
sloop	5
son	5
spend	5
staff	5
stake	5
stimulus	5
strange	5
subjection	5
subserve	5
subservient	5
subside	5
subtreasury	5
suffice	5
supplementary	5
supplication	5
surmount	5
sympathize	5
theirs	5
tone	5
transition	5
treachery	5
trist	5
turkey	5
unbroken	5
unchecked	5
unconditional	5
unfavorably	5
university	5
unlike	5
unmindful	5
unpaid	5
unproductive	5
unsatisfied	5
us	5
valor	5
valorem	5
vermont	5
vexatious	5
visitation	5
voucher	5
waive	5
wandering	5
warehousing	5
wasteful	5
wear	5
westward	5
whereof	5
widespread	5
winter	5
young	5
zealously	5
121	4
150	4
154	4
158	4
1795	4
1801	4
1811	4
35	4
3rd	4
46	4
46пїѕ	4
56	4
600	4
62	4
627	4
638	4
642	4
650	4
694	4
73	4
77	4
90	4
abrogation	4
accountable	4
accuracy	4
accustomed	4
administrative	4
adventurer	4
affectionate	4
affirmation	4
aggravated	4
aggravation	4
agreeable	4
agriculturist	4
albert	4
alleviation	4
ambassador	4
ameliorate	4
amenable	4
americans	4
ammunition	4
analysis	4
animadversion	4
annihilation	4
anomalous	4
appreciation	4
approximation	4
arbitrament	4
argue	4
arraign	4
artificial	4
asia	4
aspiration	4
assuredly	4
auction	4
ayres	4
b	4
banish	4
barely	4
benediction	4
bequeath	4
bias	4
bid	4
blank	4
blight	4
blind	4
bolivia	4
bouchette	4
bravery	4
bravo	4
brig	4
buchanan	4
bullion	4
cancel	4
canton	4
captive	4
casualty	4
cautious	4
challenge	4
chance	4
circle	4
classification	4
clearing	4
closely	4
coastwise	4
college	4
colonization	4
columbus	4
commendable	4
comment	4
companion	4
compete	4
component	4
comprise	4
concentrated	4
concentration	4
concerned	4
confederated	4
confessedly	4
confidential	4
congenial	4
congressional	4
conjecture	4
conscientious	4
considerate	4
console	4
consonant	4
consular	4
contemporaneous	4
contempt	4
contentment	4
contradict	4
contravene	4
contravention	4
conveniently	4
conveyance	4
convict	4
correspondent	4
courtesy	4
crop	4
customary	4
danish	4
daring	4
dealer	4
decease	4
deceptive	4
decidedly	4
deflection	4
delusive	4
demarcation	4
denial	4
denominate	4
deputies	4
derogatory	4
desperate	4
dictator	4
diego	4
digest	4
diplomacy	4
disapprobation	4
disapproval	4
disarm	4
disband	4
discredit	4
disproportionate	4
distracted	4
divest	4
dragoon	4
earthly	4
edifice	4
educate	4
elective	4
elector	4
emancipation	4
emerge	4
encumber	4
enfeeble	4
engross	4
equalize	4
equip	4
equivocal	4
eventful	4
evermore	4
exhaustion	4
experienced	4
explicitly	4
expulsion	4
expunge	4
extinct	4
extremely	4
faithless	4
fallacious	4
fallacy	4
falsehood	4
farewell	4
farming	4
favoritism	4
fearless	4
felony	4
fleet	4
floridas	4
fold	4
foresight	4
fourteen	4
frankfort	4
franking	4
fraught	4
frivolous	4
frustrate	4
genuine	4
get	4
gladly	4
governmental	4
gracious	4
grain	4
greece	4
greeks	4
groundless	4
h	4
hall	4
hanseatic	4
hazardous	4
heal	4
hearty	4
height	4
heighten	4
hereunto	4
hesitation	4
highway	4
hire	4
honesty	4
horror	4
imperfection	4
imperfectly	4
impolitic	4
improvidence	4
inappropriate	4
incentive	4
incessant	4
inclination	4
indifference	4
individually	4
infant	4
infringe	4
ingenuity	4
injured	4
innocent	4
insecurity	4
insolvency	4
instigate	4
insuperable	4
integral	4
intellectual	4
interdiction	4
interpolation	4
intrench	4
intrigue	4
inure	4
invaluable	4
inventor	4
investigate	4
involved	4
irreconcilable	4
isolated	4
issuing	4
item	4
janeiro	4
jarring	4
jeopardy	4
journey	4
juror	4
jury	4
justifiable	4
kentucky	4
lamented	4
landing	4
lawfully	4
lease	4
legislator	4
lender	4
liberate	4
lively	4
lodge	4
louisville	4
magazine	4
mania	4
manly	4
manufactory	4
maturely	4
method	4
misapplication	4
model	4
moiety	4
monday	4
monterey	4
morality	4
morocco	4
mount	4
multiplied	4
murmur	4
muscat	4
muster	4
navigating	4
navigator	4
needless	4
negotiator	4
news	4
nicaragua	4
notorious	4
nourish	4
nullify	4
nullity	4
offspring	4
orbit	4
ordains	4
outbreak	4
overwhelm	4
page	4
palladium	4
partnership	4
peculiarity	4
peninsula	4
periodical	4
persuasion	4
perversion	4
petition	4
plea	4
plunge	4
politician	4
porto	4
posse	4
possibly	4
postal	4
pour	4
precision	4
predatory	4
predict	4
preexist	4
premature	4
print	4
profitably	4
promising	4
promulgation	4
proportionate	4
prostrate	4
protector	4
provincial	4
provisional	4
publicity	4
push	4
queen	4
queretaro	4
quota	4
quote	4
rainy	4
reality	4
recapture	4
rechartere	4
recoine	4
reconqu	4
reconsideration	4
redundancy	4
reestablishment	4
regulated	4
reimbursement	4
reissue	4
reluctantly	4
remedie	4
remission	4
remunerate	4
remuneration	4
rendezvous	4
repress	4
requirement	4
rescue	4
resent	4
resentment	4
retrospect	4
sandwich	4
scramble	4
se	4
secondly	4
shade	4
sicily	4
sickness	4
simultaneous	4
sir	4
sixteenth	4
skillful	4
solicitous	4
solve	4
specious	4
stamp	4
starve	4
storehouse	4
stranger	4
structure	4
substantive	4
sufferer	4
sultan	4
summon	4
surprised	4
sway	4
sweep	4
tehuantepec	4
thither	4
thoroughly	4
threatened	4
trader	4
transcendent	4
transient	4
transit	4
treatment	4
tree	4
trifling	4
ulterior	4
unaltered	4
unavailable	4
unbounded	4
unconditionally	4
unconnected	4
unconstitutionally	4
uncontrollable	4
undefined	4
undeniable	4
undermine	4
undo	4
unequaled	4
unfit	4
unfold	4
unparalleled	4
unrestricted	4
unsalable	4
unsatisfactory	4
untenable	4
untried	4
unusually	4
unwisely	4
utility	4
vacancy	4
vacant	4
vague	4
valuation	4
veneration	4
verify	4
village	4
warmly	4
watchfulness	4
wherein	4
wind	4
040	3
082	3
097	3
114	3
126	3
132	3
133	3
163	3
166	3
16th	3
1799	3
1800	3
1806	3
1814	3
230	3
306	3
336	3
34	3
390	3
43	3
45пїѕ	3
51	3
54	3
545	3
55	3
58	3
598	3
64	3
640	3
65	3
667	3
67	3
72	3
78	3
799	3
81	3
82	3
842	3
87	3
928	3
96	3
970	3
abatement	3
aborigine	3
abridge	3
accuser	3
adjudicate	3
adjudication	3
admire	3
adorn	3
adulteration	3
aegis	3
affirmative	3
aggressive	3
aggressor	3
alleviate	3
allusion	3
aloof	3
alternate	3
amelioration	3
amendatory	3
amistad	3
angry	3
annoy	3
antirepublican	3
anywhere	3
appellation	3
applicant	3
appraiser	3
apprehensive	3
appropriately	3
are	3
aristocratical	3
arouse	3
arrearage	3
artful	3
assiduity	3
assimilate	3
assumed	3
assured	3
astoria	3
astronomer	3
asunder	3
atone	3
atrocity	3
attraction	3
austrian	3
authoritative	3
averse	3
avowed	3
barbarism	3
barrier	3
battery	3
beautiful	3
beauty	3
beforehand	3
benefactor	3
beset	3
bidder	3
bocanegra	3
bogota	3
bold	3
bolivian	3
boon	3
borrower	3
breath	3
brigade	3
bulwark	3
californian	3
canadas	3
canvass	3
capacious	3
caprice	3
carrier	3
casual	3
cavalry	3
celebrate	3
ceremony	3
cheaply	3
cheering	3
chickasaw	3
circular	3
civilize	3
clime	3
clock	3
coequal	3
coextensive	3
coincidence	3
collecting	3
color	3
column	3
combined	3
comfortable	3
comitatus	3
commonwealth	3
compass	3
competitor	3
comprehend	3
compromitte	3
compulsory	3
compute	3
conceivable	3
concerted	3
condign	3
confinement	3
confirmation	3
congresses	3
consign	3
consolation	3
conspicuous	3
constancy	3
consultation	3
consumer	3
convoke	3
convulse	3
copper	3
corner	3
correctness	3
corrupting	3
counterfeit	3
crest	3
crossing	3
cultivator	3
cup	3
cutter	3
datum	3
dawning	3
deduce	3
deduction	3
defenseless	3
delegation	3
delinquency	3
deluge	3
democratic	3
desert	3
desertion	3
designation	3
detachment	3
detect	3
deterioration	3
detrimental	3
devoutly	3
dictation	3
differently	3
diffidence	3
diminished	3
disable	3
discordant	3
dismember	3
disobedience	3
disorganize	3
disparage	3
disproportione	3
disqualify	3
distinctive	3
dockyard	3
drawback	3
dread	3
dry	3
duplicate	3
earnestness	3
ebb	3
edict	3
effectively	3
eighty	3
electioneer	3
eleventh	3
eligibility	3
emanating	3
emporium	3
endurance	3
enormity	3
entitled	3
era	3
escort	3
estcourt	3
eventuate	3
exactness	3
exceedingly	3
excellence	3
excellency	3
existing	3
exonerate	3
explanatory	3
expostulation	3
exposure	3
extract	3
extraneous	3
extricate	3
factor	3
falls	3
farm	3
fasten	3
feed	3
fetter	3
feud	3
fictitious	3
fierce	3
fishing	3
flour	3
fo	3
fondly	3
footstep	3
foresaw	3
formality	3
fortitude	3
fortress	3
forwardness	3
framed	3
franchise	3
freehold	3
frequency	3
friday	3
fugitive	3
fullness	3
fur	3
gaines	3
gallantry	3
genial	3
gigantic	3
giver	3
gloom	3
governed	3
grantee	3
grenada	3
guardianship	3
habitually	3
happening	3
hazards	3
heartburning	3
helpless	3
herein	3
hill	3
homage	3
horse	3
hudsons	3
humblest	3
humiliating	3
hungary	3
identify	3
ignorance	3
imaginary	3
impaired	3
impartiality	3
implore	3
imposing	3
impotent	3
impoverished	3
improbable	3
inaccessible	3
inadmissible	3
inasmuch	3
incidentally	3
inclose	3
inclusive	3
inconsiderate	3
increased	3
indebte	3
indefensible	3
indigent	3
indignantly	3
indignation	3
indignity	3
indulgent	3
infinite	3
inflame	3
inflation	3
iniquity	3
innumerable	3
inordinate	3
inroad	3
insignificant	3
insolvent	3
inspect	3
instructive	3
insular	3
insultingly	3
intense	3
intersect	3
interweave	3
intimidation	3
intolerable	3
invader	3
invidious	3
inviolability	3
inviolably	3
j	3
java	3
jointly	3
jurisprudence	3
k	3
kennebec	3
kindly	3
kindre	3
laden	3
legacy	3
legality	3
lexington	3
liberally	3
lighten	3
lighthouse	3
lightly	3
lisbon	3
literature	3
liverpool	3
load	3
loudly	3
lower	3
lurk	3
magnificent	3
male	3
marque	3
marys	3
matamoras	3
melancholy	3
memphremagog	3
messrs	3
michigan	3
mighty	3
mild	3
mining	3
misconduct	3
mockery	3
monetary	3
morally	3
mortification	3
nacogdoches	3
nicholas	3
nineteen	3
noninterference	3
nonpayment	3
norfolk	3
northward	3
nucleus	3
nugatory	3
nullification	3
numberless	3
o	3
obedient	3
observable	3
operative	3
oppressed	3
organic	3
ottoman	3
overgrown	3
overissue	3
overwhelming	3
palliate	3
paralysis	3
parting	3
passing	3
passively	3
patience	3
patriotically	3
pensacola	3
perceptible	3
perfection	3
perpetration	3
perpetrator	3
perpetuity	3
pertain	3
pervert	3
pestilence	3
petty	3
philanthropist	3
pigeon	3
pillage	3
pillar	3
pleased	3
police	3
polk	3
poll	3
portland	3
positively	3
posture	3
potomac	3
powerless	3
prerequisite	3
prerogative	3
presentation	3
presidents	3
presuppose	3
prey	3
prince	3
problem	3
professional	3
profuse	3
profusion	3
prolific	3
promptness	3
prophecy	3
propitiate	3
prorogue	3
prostitution	3
provocation	3
proximity	3
prussian	3
punctual	3
punishable	3
radically	3
rally	3
ramification	3
reaffirm	3
recapitulation	3
reciprocally	3
recollect	3
recompense	3
reconnaissance	3
rectify	3
reduced	3
redundant	3
reenforce	3
reenforcement	3
refutation	3
refute	3
regardless	3
regimental	3
reliable	3
relic	3
relinquishment	3
reluctance	3
remarkable	3
remedial	3
renounce	3
renown	3
rent	3
reopen	3
reproduction	3
rescind	3
retention	3
retrenchment	3
revolutionize	3
richmond	3
rifleman	3
roadstead	3
rome	3
ruinously	3
rupture	3
ruthless	3
sagacious	3
sailor	3
sanctity	3
sand	3
sardinia	3
sawyer	3
scarcity	3
schedule	3
schooner	3
score	3
scourge	3
secretaries	3
secretly	3
sect	3
seduce	3
seed	3
sensitive	3
servitude	3
seventeen	3
sex	3
shower	3
sicilies	3
signalize	3
signify	3
silently	3
sixteen	3
sober	3
solicitation	3
solicitor	3
solvent	3
sow	3
species	3
specified	3
splendor	3
spurious	3
squander	3
start	3
statistic	3
stern	3
stone	3
storm	3
stretch	3
stricken	3
strip	3
studiously	3
subordination	3
subscriber	3
subtle	3
subversion	3
succinct	3
sufficiency	3
superadded	3
supervise	3
surer	3
surgeon	3
suspect	3
temperate	3
tenant	3
terceira	3
testify	3
thankfulness	3
therefor	3
threshold	3
tomb	3
tortuous	3
trammel	3
trample	3
tranquil	3
transact	3
transferable	3
translation	3
transpire	3
turnpike	3
tyler	3
tyranny	3
unaffected	3
unalterable	3
unceasing	3
unceasingly	3
uncompromise	3
uncontrolled	3
undeviating	3
undisposed	3
unemployed	3
unencumbered	3
unexceptionable	3
unfading	3
unfinished	3
unfrequently	3
unhallowed	3
uninterruptedly	3
unjustifiable	3
unnecessarily	3
unoccupied	3
unpropitious	3
unprotected	3
unpunished	3
unremitting	3
unsafe	3
unsubstantial	3
urgency	3
vainly	3
vastly	3
venerable	3
vexation	3
vigorously	3
visible	3
visionary	3
volume	3
voter	3
wabash	3
wantonly	3
wave	3
weapon	3
whipple	3
william	3
willingly	3
wisconsin	3
wonderful	3
working	3
worthless	3
wretched	3
wrongfully	3
0	2
002	2
010	2
011	2
012	2
025	2
041	2
048	2
056	2
058	2
062	2
068	2
077	2
092	2
095	2
102	2
106	2
111	2
117	2
120	2
122	2
128	2
135	2
136	2
138	2
140	2
141	2
145	2
151	2
160	2
161	2
170	2
1772	2
1773	2
1774	2
1782	2
1792	2
1794	2
1809	2
185	2
1851	2
202	2
206	2
214	2
224	2
226	2
236	2
240	2
254	2
260	2
275	2
294	2
297	2
315	2
32nd	2
345	2
354	2
378	2
403	2
405	2
406	2
410	2
422	2
435	2
453	2
455	2
467	2
468	2
476	2
498	2
499	2
52	2
522	2
523	2
536	2
540	2
557	2
560	2
57	2
580	2
595	2
61	2
615	2
616	2
620	2
624	2
63	2
636	2
637	2
646	2
659	2
666	2
672	2
680	2
69	2
691	2
706	2
714	2
715	2
723	2
734	2
742	2
750	2
757	2
76	2
769	2
770	2
778	2
788	2
830	2
833	2
837	2
845	2
861	2
866	2
870	2
878	2
886	2
898	2
905	2
95	2
964	2
968	2
972	2
99	2
abhorrence	2
abortive	2
absent	2
absorbing	2
accepter	2
accidentally	2
accomplice	2
accredited	2
acquaintance	2
acquirement	2
actor	2
adequately	2
adjudge	2
adjusted	2
admissible	2
adrianople	2
advertisement	2
affinity	2
affirmance	2
affluence	2
africans	2
aged	2
aggravating	2
aggrieved	2
agitated	2
agreeably	2
alexandria	2
amass	2
amazement	2
analogous	2
anchor	2
anglewise	2
animosity	2
annum	2
annunciation	2
antagonist	2
anterior	2
appalling	2
appease	2
appellate	2
append	2
appendage	2
appendix	2
applause	2
apportion	2
appropriating	2
ardently	2
ardor	2
area	2
aristocratic	2
arming	2
armistice	2
arnolds	2
arrear	2
artfully	2
artifice	2
ascertained	2
ascertainment	2
aspirant	2
aspire	2
assemblage	2
assembling	2
assiduous	2
assignee	2
assuage	2
astonishment	2
athens	2
atkinson	2
atrocious	2
audit	2
auditor	2
authoritatively	2
authorized	2
avenue	2
avoidable	2
avowal	2
avowedly	2
awake	2
axiom	2
badge	2
bahama	2
balearic	2
baleful	2
ballot	2
bane	2
banishment	2
banner	2
barbarian	2
barbarity	2
barbarous	2
baron	2
bed	2
befall	2
befit	2
beget	2
bench	2
benefaction	2
benignant	2
bermuda	2
besiege	2
bespeak	2
better	2
binding	2
bitterness	2
bloodless	2
bluffs	2
boldly	2
bombardment	2
bona	2
bottom	2
bountiful	2
box	2
brazos	2
bread	2
breadstuff	2
breakwater	2
breast	2
breathe	2
broker	2
brussels	2
bryarlys	2
bucknall	2
bureaux	2
burn	2
burning	2
burst	2
c	2
cadet	2
caesar	2
caicos	2
calamitous	2
calendar	2
canadian	2
canadians	2
canary	2
canvas	2
caravan	2
castle	2
casus	2
catholic	2
chagre	2
chair	2
champion	2
charity	2
charlestown	2
chartered	2
chase	2
chasten	2
chastisement	2
cheapen	2
cheerfulness	2
chepachet	2
chickasaws	2
chippewas	2
christendom	2
christianity	2
cincinnati	2
circumscribe	2
circumspection	2
clearance	2
clearness	2
cloud	2
co	2
coahuila	2
coal	2
coarse	2
cocoa	2
coercion	2
coercive	2
cogent	2
collective	2
colombian	2
colonies	2
colonize	2
colonizing	2
commenced	2
commentary	2
commissioners	2
committees	2
commodious	2
complex	2
complexity	2
complicate	2
compromit	2
conception	2
condemnatory	2
condensed	2
confession	2
conflagration	2
confound	2
congregate	2
connected	2
consecrate	2
consecutive	2
consolatory	2
conspicuously	2
constellation	2
constructive	2
contact	2
conterminous	2
context	2
contriver	2
controlling	2
conversant	2
conveying	2
convincing	2
convocation	2
cope	2
cordiality	2
corn	2
corroborate	2
coterminous	2
counteraction	2
creature	2
credence	2
creeks	2
crimination	2
crosse	2
culprit	2
customer	2
customs	2
deadly	2
dearly	2
debase	2
debenture	2
deceitful	2
deception	2
dedicate	2
defender	2
deficient	2
degenerate	2
degrading	2
deign	2
delineate	2
deluded	2
demoralization	2
denote	2
dense	2
deprivation	2
depth	2
depute	2
deputy	2
derby	2
deride	2
deservedly	2
desideratum	2
designated	2
designing	2
desist	2
desolate	2
despoil	2
despondency	2
despot	2
destitute	2
determined	2
detract	2
devising	2
devolving	2
diffused	2
dilatory	2
diligence	2
diligently	2
directness	2
directory	2
disability	2
disabled	2
disappearance	2
disappointed	2
disastrously	2
disavowal	2
discernment	2
disclosure	2
disconnect	2
discounting	2
discreditable	2
discreet	2
discrepancy	2
disinterestedness	2
disobey	2
dispersed	2
dispersion	2
displace	2
displeasure	2
disposer	2
dispossess	2
dissimilar	2
dissimilarity	2
dissipate	2
distraction	2
distressed	2
distressing	2
diversion	2
divided	2
divorce	2
donation	2
donelson	2
doom	2
downfall	2
drag	2
drawer	2
drawing	2
dreadful	2
drop	2
du	2
dwelling	2
eager	2
earn	2
ecclesiastic	2
efface	2
effusion	2
egress	2
egypt	2
elaborately	2
electoral	2
elucidation	2
elude	2
embezzlement	2
eminence	2
emotion	2
emulation	2
encamp	2
encampment	2
encouraged	2
endless	2
endow	2
engraven	2
enormously	2
enunciation	2
enviable	2
equador	2
equator	2
equilibrium	2
eradicate	2
erie	2
erroneously	2
essence	2
estuary	2
evacuate	2
evasion	2
exalted	2
excrescence	2
excursion	2
exemplification	2
exemplify	2
exhausted	2
exile	2
exorbitant	2
expedite	2
expeditious	2
exploit	2
explosion	2
expounder	2
extortion	2
extravagantly	2
facto	2
factory	2
fairest	2
faithlessness	2
falkland	2
fancied	2
fashion	2
fatally	2
fearlessly	2
feasible	2
federation	2
felicitate	2
fertility	2
fide	2
fifteenth	2
figure	2
firearm	2
fitness	2
flee	2
flood	2
floor	2
fluctuate	2
fly	2
folly	2
fond	2
foo	2
foreboding	2
fortified	2
forum	2
foundry	2
fourteenth	2
foxes	2
fraction	2
framework	2
frugality	2
fuca	2
fuel	2
furthermore	2
gallantly	2
game	2
garner	2
gather	2
generosity	2
gentlemen	2
geological	2
georges	2
germanic	2
gibraltar	2
gila	2
glance	2
glaring	2
gloomy	2
gradation	2
granary	2
grasp	2
gratuitous	2
graver	2
gravity	2
grecian	2
guerrilla	2
gunpowder	2
habeas	2
handwriting	2
harassing	2
hard	2
hardihood	2
harmless	2
harrison	2
harsh	2
harshness	2
haste	2
hawaiian	2
hearing	2
heated	2
heir	2
henceforth	2
hereditary	2
hesitancy	2
hi	2
hiding	2
hoard	2
hog	2
hon	2
honored	2
hourly	2
humiliation	2
huron	2
hurriedly	2
hurry	2
identity	2
illegality	2
illegally	2
illness	2
immaterial	2
immensely	2
immortal	2
immovable	2
immutable	2
imperceptibly	2
implement	2
implied	2
impossibility	2
impressment	2
improperly	2
improved	2
improvements	2
imprudent	2
inactivity	2
inattention	2
inattentive	2
inaugural	2
incalculably	2
incapacity	2
inception	2
incessantly	2
incipient	2
inclined	2
incompatibility	2
incongruity	2
indecision	2
indelibly	2
indent	2
index	2
indict	2
indigence	2
indiscreet	2
induction	2
inexpediency	2
inexperienced	2
inferiority	2
infest	2
inflate	2
inflexibly	2
informed	2
ingenious	2
ingress	2
inhumanity	2
initiative	2
inscription	2
insecure	2
insertion	2
insidious	2
insincere	2
instability	2
installation	2
instantaneous	2
insufficiency	2
insurance	2
intellect	2
intelligible	2
intended	2
intensity	2
intentional	2
intercommunication	2
intermeddle	2
intermit	2
intolerant	2
invalidate	2
invariable	2
involuntary	2
irrational	2
irrevocable	2
is	2
jail	2
jalapa	2
jeopard	2
justifiably	2
justified	2
kill	2
kindle	2
knight	2
laborious	2
lac	2
lament	2
landlord	2
landmark	2
lard	2
lastly	2
laudable	2
lederer	2
leech	2
letting	2
libel	2
liberation	2
license	2
licentious	2
lightness	2
lima	2
linger	2
liquidated	2
litigation	2
living	2
lock	2
loom	2
loud	2
lumber	2
luxurious	2
macedonian	2
machine	2
madly	2
madness	2
magnificence	2
manager	2
mandate	2
manhood	2
manifold	2
manual	2
manufactured	2
mar	2
mariner	2
mart	2
mccoy	2
meanwhile	2
measurably	2
meddle	2
mediate	2
mediation	2
meditate	2
melt	2
memphis	2
menacing	2
menomonees	2
mental	2
metropolis	2
miamies	2
migration	2
milder	2
mineralogical	2
misconception	2
misrepresent	2
misrule	2
mix	2
mobile	2
modified	2
molestation	2
momentary	2
morris	2
morrow	2
mortal	2
mortgage	2
munificent	2
mutation	2
n	2
namely	2
naturalization	2
naught	2
ndash	2
nearer	2
needlessly	2
nineteenth	2
non	2
noncommissioned	2
nonintercourse	2
nonslaveholde	2
northeast	2
northeasternmost	2
northwesternmost	2
notification	2
notify	2
numerical	2
nurture	2
oak	2
observatory	2
obstinate	2
occupant	2
odium	2
offering	2
oldenburg	2
opponent	2
opposed	2
opposer	2
opulent	2
ordeal	2
orderly	2
ore	2
origination	2
ot	2
outfit	2
outrun	2
overaction	2
overland	2
overpowering	2
overrun	2
overstep	2
owing	2
p	2
painfully	2
pale	2
palliation	2
panoply	2
papal	2
paralyze	2
parede	2
partisanship	2
partner	2
passive	2
pauperism	2
payer	2
pendency	2
pendleton	2
periodically	2
permanence	2
perpetuation	2
persevered	2
philanthropic	2
pinckney	2
pine	2
plainest	2
planting	2
poinsett	2
pointedly	2
politically	2
portage	2
possessor	2
potent	2
poverty	2
powerfully	2
powers	2
praiseworthy	2
pray	2
predicate	2
prepossession	2
preservative	2
pressed	2
prevention	2
prime	2
printing	2
priority	2
pristine	2
privileged	2
procrastinate	2
prodigality	2
professedly	2
profligacy	2
profusely	2
prominently	2
promotion	2
promotive	2
prompting	2
prone	2
propensity	2
proportional	2
proportionally	2
provident	2
puerto	2
purchasing	2
purer	2
purse	2
quadra	2
quadruple	2
qualify	2
quarterly	2
quicksilver	2
railway	2
rallying	2
reaction	2
read	2
readiest	2
reassertion	2
rebel	2
rebellious	2
recoil	2
reconsider	2
recrimination	2
recruit	2
redelivery	2
redound	2
reef	2
reelection	2
reenact	2
refinement	2
refit	2
religiously	2
remonstrate	2
renunciation	2
repealable	2
replace	2
replete	2
reprobate	2
reprobation	2
reproduce	2
repulse	2
resignation	2
resistless	2
resolved	2
respectability	2
restricted	2
resuscitate	2
retail	2
retaliate	2
retaliation	2
retaliatory	2
retreat	2
retrench	2
retribution	2
retributive	2
retrospective	2
reveal	2
revere	2
revisal	2
revocation	2
revolted	2
richford	2
rid	2
rightly	2
rivalry	2
robber	2
robbery	2
rock	2
roll	2
root	2
rooted	2
rosa	2
routine	2
royale	2
rude	2
russias	2
sac	2
salt	2
salubrity	2
santiago	2
sault	2
scanty	2
scarce	2
schlosser	2
scorn	2
scruple	2
scrutinize	2
seasonable	2
secondary	2
seeming	2
seemingly	2
selfishness	2
semiannual	2
seminary	2
seminole	2
septieme	2
sequel	2
sequestration	2
settled	2
seventy	2
shackle	2
shewn	2
shift	2
shipbuilding	2
shipment	2
shoals	2
shorten	2
shout	2
siam	2
sinew	2
singular	2
singularly	2
sioux	2
situated	2
size	2
sketch	2
sleepless	2
slumber	2
smuggling	2
snively	2
soften	2
solecism	2
solitary	2
solution	2
solvency	2
somer	2
somewhere	2
specification	2
spectator	2
speed	2
spider	2
spirited	2
spite	2
spoil	2
stagnate	2
star	2
statistical	2
stead	2
steadiness	2
stevenson	2
story	2
straits	2
strenuous	2
strenuously	2
stride	2
strive	2
subduct	2
subjoin	2
subjugate	2
subsidiary	2
subtlety	2
succor	2
sugar	2
suited	2
sumatra	2
sunday	2
sundry	2
super	2
superadde	2
superfluous	2
superiority	2
supervisory	2
supposing	2
surpass	2
surveying	2
swallow	2
swamp	2
sweeping	2
sworn	2
symptom	2
systematically	2
tabular	2
tacitly	2
taking	2
taney	2
tarnish	2
tear	2
teem	2
teh	2
tempest	2
terror	2
theme	2
thenceforth	2
thirdly	2
thirst	2
thompson	2
threatening	2
thrice	2
thrive	2
timid	2
token	2
toleration	2
top	2
topography	2
totter	2
training	2
transform	2
tremble	2
tremendous	2
trifle	2
triple	2
tripoli	2
triumphantly	2
trivial	2
trouble	2
troubled	2
trout	2
trustworthy	2
turpitude	2
twelfth	2
ultimatum	2
unabated	2
unaided	2
unalienable	2
unalloyed	2
unanimously	2
unappropriated	2
unborn	2
uncontrolle	2
uncorrupted	2
undeveloped	2
undisguised	2
undisputed	2
unduly	2
unequivocally	2
unfaithful	2
unfelt	2
unfunded	2
unheard	2
unhesitatingly	2
uninfluence	2
uninhabited	2
unissued	2
unnatural	2
unprejudiced	2
unqualifiedly	2
unquestioned	2
unreasonably	2
unremitted	2
unrepealed	2
unreservedly	2
unshaken	2
untiring	2
unto	2
untutored	2
unwarrantable	2
unwavering	2
unwillingly	2
upright	2
vancouvers	2
vanquished	2
variation	2
variously	2
vassalage	2
venerate	2
vengeance	2
verbally	2
verdict	2
vested	2
vestige	2
vex	2
vicious	2
vile	2
violative	2
virtual	2
visitors	2
vortex	2
vouchsafe	2
w	2
wall	2
wander	2
ward	2
was	2
weary	2
weather	2
weekly	2
weep	2
welcome	2
were	2
westerly	2
wharf	2
whereupon	2
whomsoever	2
wicked	2
wilkes	2
wit	2
wonte	2
workman	2
worship	2
wreck	2
yours	2
yourselves	2
youthful	2
zanesville	2
zealand	2
zollverein	2
